#Name	Level	Description	Keywords
Areas	1		
Heal	2		
Healing Programs	3		
Anapana	4		
Confidence Hypnosis	4		
Meditations	4		
Mooji	4		
Radiant Health	4		
Sacred Body	4		
Serenity Chapter	4		
Healing Resources	3		
Chakras	4		
Death	4		
Yoga	4		
Healing Services	3		
Ideas	2		
Articles	3		
Bhavana	4		
Little Things	4		
Imran	3		
Goodness	4		
Goodwill	4		
Imrans Parish	4		
Imrans Time	4		
Invocation	4		
Letters	4		
Mandate 2021	4		
Prevent Abuse	4		
Reality	4		
Welcome	4	Wecome Note - circa 2021	
Journal	3		
Entitlement	4		
Meditation	4		
Tempus Fugit	4		
Incubating	3		
Gearing Up	4		
Joyland	4		
Marketplace	4		
Learn	2		
Education	3		
Brics	4	BRiCS - Sensory Enhancement program for Children	
Children	4	Curation Based Education for Children	
Classroom	4	Classroom Suggestions and Guidelines	
Creative Abundance	4	Creative Abundance - Article on Perspectives	
Creative Expression	4	Creative Expression - 8 Week Workshop for Children	
Education	4	Education - Introduction for Parent and Teacher	
Healing	4	Healing Practices - finding Amritham or Ambrosia	
Instrumental Enrichment	4		
Nom Faqs	4	Nom FAQs - Frequently Asked Questions	
Nom	4	Project Nom - Wisdom Preservation Initiative	
Pact	4	PACT - FORUM / Resource Center for Parents and Teachers	
Serenity	4	Serenity - Affirmations and Healing	
Teachers	4	Teachers in our Network - Would you Join?	
Words	4	Healing Through Words (group and individual sessions)	
Evolve	3		
Catalyze	4		
Sunlight	4	Evolving Sunlight - a quality practice	
Share	2		
Bhairava	3		
Anjali	4		
Bhairava Foundation	4		
Dogs	4		
Enabler	3		
Enabler	4		
People	3		
Bliss	4		
Value Life	3		
Awe Write Express	4		
Express Powerfully	4		
Saifys Retreat	4		
Shelter Homes	4		
Value Life Mission	4		
Write Your Life Story	4		
Zero Medicine Wisdom	4		
Zero Violation Of Mind	4		
Drive	1		
Apps	2		
Ftp Sync	3		
IViewer	3		
Devotional	2		
Chinmaya	3		
Gita	3		
Jesudas	3		
Quran	3		
Sanskrit	3		
Asatoma Sad Gamaya	4		
Cmp28 Pledge	4		
Gananam Tva Ganapatim	4		
Ganapathi And Purushottam And Ganam	4		
Gayathri	4		
Mrityunjaya 108 Times	4		
Mrityunjaya	4		
Our Gajananam	4		
Inspire	2		
Curated	3		
30 Daily Habits	4		
Nvc Feelings	4		
Nvc Needs	4		
School Prayers	4		
Ennobling	3		
Power Supreme	4		
Ramana 40 Verses On Reality	4		
Unity Postscript 1949	4		
Poems	3		
Samadhi	4		
Published	2		
Books	3		
Annie Besants Gita	4		
Brahma Sutras	4		
Illusions	4		
Jefferson	4		
Jeevan Vidya	3		
Jeevan Vidya Hindi	3		
Sanskritweb	3		
Bhagavad Gita Large	4		
Sri Aurobindo	3		
Zips	3		
About	1		
About Us	2		
Dots1 2018	3		
Goals	3		
History	3		
Launch 2018	3		
Matrix	3	Matrix of Channels and Areas	
Spirit	3	A spirit of oneness to permeate the world	
Media	2		
Imran Vcard	3		
Introduction	3		
Plans 2021	3		
Postcard	3		
Poster	3		
Community	1		
Network	2		
Converse	3		
Explore	3		
Help	3		
Members	3		
Sitemap	3		
Services	2		